{
    "Haaland": 37.121212121212125,
    "Kane": 31.060606060606062,
    "Darwin": 10.606060606060606,
    "Jesus": 9.090909090909092,
    "Solanke": 7.575757575757576,
    "Toney": 1.5151515151515151,
    "Wilson": 1.5151515151515151,
    "Richarlison": 0.7575757575757576,
    "\u00c1lvarez": 0.7575757575757576
}