{
    "Trippier": 29.94011976047904,
    "Cancelo": 22.15568862275449,
    "Saliba": 15.568862275449103,
    "White": 5.9880239520958085,
    "Gabriel": 4.191616766467066,
    "Castagne": 4.191616766467066,
    "Peri\u0161i\u0107": 3.592814371257485,
    "Alexander-Arnold": 2.3952095808383236,
    "Sch\u00e4r": 1.7964071856287425,
    "N.Williams": 1.1976047904191618,
    "Zinchenko": 1.1976047904191618,
    "Cresswell": 1.1976047904191618,
    "Shaw": 1.1976047904191618,
    "Gomez": 0.5988023952095809,
    "Gu\u00e9hi": 0.5988023952095809,
    "Zouma": 0.5988023952095809,
    "Mart\u00ednez": 0.5988023952095809,
    "Coady": 0.5988023952095809,
    "Dunk": 0.5988023952095809,
    "Van Dijk": 0.5988023952095809,
    "Dier": 0.5988023952095809,
    "Faes": 0.5988023952095809
}