{
    "Ward": 27.450980392156865,
    "Pope": 21.568627450980394,
    "Alisson": 15.686274509803921,
    "Ramsdale": 9.803921568627452,
    "Ederson": 7.8431372549019605,
    "Pickford": 5.88235294117647,
    "Guaita": 3.9215686274509802,
    "Fabianski": 1.9607843137254901,
    "Raya": 1.9607843137254901,
    "S\u00e1nchez": 1.9607843137254901,
    "Henderson": 1.9607843137254901
}