{
    "Almir\u00f3n": 20.379146919431278,
    "Martinelli": 20.379146919431278,
    "Salah": 10.90047393364929,
    "De Bruyne": 9.95260663507109,
    "Trossard": 6.161137440758294,
    "Foden": 5.687203791469194,
    "Rashford": 5.213270142180095,
    "Zaha": 4.739336492890995,
    "Andreas": 3.3175355450236967,
    "\u00d8degaard": 2.843601895734597,
    "Saka": 1.8957345971563981,
    "Eze": 0.9478672985781991,
    "Maddison": 0.9478672985781991,
    "Gro\u00df": 0.9478672985781991,
    "Bernardo": 0.9478672985781991,
    "Bruno Guimar\u00e3es": 0.9478672985781991,
    "Bowen": 0.47393364928909953,
    "Rice": 0.47393364928909953,
    "Xhaka": 0.47393364928909953,
    "Paquet\u00e1": 0.47393364928909953,
    "Tavernier": 0.47393364928909953,
    "Kulusevski": 0.47393364928909953,
    "Elliott": 0.47393364928909953,
    "H\u00f8jbjerg": 0.47393364928909953
}